<ImportExportXml version="9.2.25103.175" SolutionPackageVersion="9.2" languagecode="1033" generatedBy="CrmLive" xmlns:xsi="http://www.w3.org/2001/XMLSchema-instance" OrganizationVersion="9.2.25103.175" OrganizationSchemaType="Full" CRMServerServiceabilityVersion="9.2.25103.00175">
  <SolutionManifest>
    <UniqueName>BulkDynamicCRUD</UniqueName>
    <LocalizedNames>
      <LocalizedName description="Bulk Dynamic CRUD" languagecode="1033" />
    </LocalizedNames>
    <Descriptions />
    <Version>1.0.0.7</Version>
    <Managed>1</Managed>
    <Publisher>
      <UniqueName>Innovaudax</UniqueName>
      <LocalizedNames>
        <LocalizedName description="Innovaudax" languagecode="1033" />
      </LocalizedNames>
      <Descriptions>
        <Description description="Innovaudax" languagecode="1033" />
      </Descriptions>
      <EMailAddress xsi:nil="true"></EMailAddress>
      <SupportingWebsiteUrl xsi:nil="true"></SupportingWebsiteUrl>
      <CustomizationPrefix>ivx</CustomizationPrefix>
      <CustomizationOptionValuePrefix>73702</CustomizationOptionValuePrefix>
      <Addresses>
        <Address>
          <AddressNumber>1</AddressNumber>
          <AddressTypeCode>1</AddressTypeCode>
          <City xsi:nil="true"></City>
          <County xsi:nil="true"></County>
          <Country xsi:nil="true"></Country>
          <Fax xsi:nil="true"></Fax>
          <FreightTermsCode xsi:nil="true"></FreightTermsCode>
          <ImportSequenceNumber xsi:nil="true"></ImportSequenceNumber>
          <Latitude xsi:nil="true"></Latitude>
          <Line1 xsi:nil="true"></Line1>
          <Line2 xsi:nil="true"></Line2>
          <Line3 xsi:nil="true"></Line3>
          <Longitude xsi:nil="true"></Longitude>
          <Name xsi:nil="true"></Name>
          <PostalCode xsi:nil="true"></PostalCode>
          <PostOfficeBox xsi:nil="true"></PostOfficeBox>
          <PrimaryContactName xsi:nil="true"></PrimaryContactName>
          <ShippingMethodCode>1</ShippingMethodCode>
          <StateOrProvince xsi:nil="true"></StateOrProvince>
          <Telephone1 xsi:nil="true"></Telephone1>
          <Telephone2 xsi:nil="true"></Telephone2>
          <Telephone3 xsi:nil="true"></Telephone3>
          <TimeZoneRuleVersionNumber xsi:nil="true"></TimeZoneRuleVersionNumber>
          <UPSZone xsi:nil="true"></UPSZone>
          <UTCOffset xsi:nil="true"></UTCOffset>
          <UTCConversionTimeZoneCode xsi:nil="true"></UTCConversionTimeZoneCode>
        </Address>
        <Address>
          <AddressNumber>2</AddressNumber>
          <AddressTypeCode>1</AddressTypeCode>
          <City xsi:nil="true"></City>
          <County xsi:nil="true"></County>
          <Country xsi:nil="true"></Country>
          <Fax xsi:nil="true"></Fax>
          <FreightTermsCode xsi:nil="true"></FreightTermsCode>
          <ImportSequenceNumber xsi:nil="true"></ImportSequenceNumber>
          <Latitude xsi:nil="true"></Latitude>
          <Line1 xsi:nil="true"></Line1>
          <Line2 xsi:nil="true"></Line2>
          <Line3 xsi:nil="true"></Line3>
          <Longitude xsi:nil="true"></Longitude>
          <Name xsi:nil="true"></Name>
          <PostalCode xsi:nil="true"></PostalCode>
          <PostOfficeBox xsi:nil="true"></PostOfficeBox>
          <PrimaryContactName xsi:nil="true"></PrimaryContactName>
          <ShippingMethodCode>1</ShippingMethodCode>
          <StateOrProvince xsi:nil="true"></StateOrProvince>
          <Telephone1 xsi:nil="true"></Telephone1>
          <Telephone2 xsi:nil="true"></Telephone2>
          <Telephone3 xsi:nil="true"></Telephone3>
          <TimeZoneRuleVersionNumber xsi:nil="true"></TimeZoneRuleVersionNumber>
          <UPSZone xsi:nil="true"></UPSZone>
          <UTCOffset xsi:nil="true"></UTCOffset>
          <UTCConversionTimeZoneCode xsi:nil="true"></UTCConversionTimeZoneCode>
        </Address>
      </Addresses>
    </Publisher>
    <RootComponents>
      <RootComponent type="91" id="{13d1397f-77a6-4004-805a-24b831c29c93}" schemaName="GenerateFormYAML, Version=1.0.0.0, Culture=neutral, PublicKeyToken=bf0f681debad2698" behavior="0" />
      <RootComponent type="91" id="{c4479ed5-2f8c-4502-ab54-0de5f59b844b}" schemaName="Innovaudax.BulkDynamicDelete, Version=1.0.0.0, Culture=neutral, PublicKeyToken=bf0f681debad2698" behavior="0" />
      <RootComponent type="91" id="{c30e2989-7809-42fc-a788-453ced4e143b}" schemaName="Innovaudax.BulkDynamicRetrieve, Version=1.0.0.0, Culture=neutral, PublicKeyToken=bf0f681debad2698" behavior="0" />
      <RootComponent type="91" id="{0e277ea6-6261-451e-b8e1-30792e1a3d64}" schemaName="Innovaudax.BulkDynamicUpdateConcurrent, Version=1.0.0.0, Culture=neutral, PublicKeyToken=d457c87f6d9cbea2" behavior="0" />
      <RootComponent type="91" id="{430b4731-d2de-48be-9f99-9b780aaeaa1e}" schemaName="Innovaudax.BulkUpsertSmart, Version=1.0.0.0, Culture=neutral, PublicKeyToken=bf0f681debad2698" behavior="0" />
      <RootComponent type="91" id="{2d1b3eac-fbf1-4cd9-93ee-6a5bbc7df859}" schemaName="Innovaudax.Dataverse.Plugins, Version=1.0.0.0, Culture=neutral, PublicKeyToken=bf0f681debad2698" behavior="0" />
      <RootComponent type="91" id="{82bea048-191d-41ee-88cc-3a01db3e9e55}" schemaName="Innovaudax.Dataverse.Plugins, Version=1.0.0.0, Culture=neutral, PublicKeyToken=d457c87f6d9cbea2" behavior="0" />
      <RootComponent type="91" id="{29ceea09-1497-4f4e-bb12-9a29270ae4b2}" schemaName="Innovaudax.DeleteMissing, Version=1.0.0.0, Culture=neutral, PublicKeyToken=bf0f681debad2698" behavior="0" />
      <RootComponent type="91" id="{f4b693e1-70ec-4f20-9390-a2ce9b37e065}" schemaName="Innovaudax.FetchXML, Version=1.0.0.0, Culture=neutral, PublicKeyToken=d457c87f6d9cbea2" behavior="0" />
      <RootComponent type="91" id="{ffe71b37-c37c-4736-b413-8f03f856a0f0}" schemaName="Innovaudax.FetchXmlToFormula, Version=1.0.0.0, Culture=neutral, PublicKeyToken=d457c87f6d9cbea2" behavior="0" />
      <RootComponent type="91" id="{488a9f5d-7009-4a3e-9b47-94c70b9fe657}" schemaName="Innovaudax.GetHolidays, Version=1.0.0.0, Culture=neutral, PublicKeyToken=d457c87f6d9cbea2" behavior="0" />
      <RootComponent type="91" id="{bc3c7fd9-f194-4c03-9a6f-9cce87b88fdb}" schemaName="Innovaudax.ParseDynamic, Version=1.0.0.0, Culture=neutral, PublicKeyToken=d457c87f6d9cbea2" behavior="0" />
    </RootComponents>
    <MissingDependencies>
      <MissingDependency>
        <Required type="CustomAPIResponseProperty" displayName="customapiid.uniquename=McpSearch,uniquename=results" solution="msdyn_PowerAIExtensionsBase (1.0.1.1424)" id.customapiid.uniquename="McpSearch" id.uniquename="results">
          <package appName="PowerAIExtensions Package" version="1.0.1.1169">PowerAIExtensions_Anchor (1.0.1.1169)</package>
          <package appName="PowerAIExtensions Package" version="1.0.1.1424">msdyn_PowerAIExtensionsSC (1.0.1.1424)</package>
        </Required>
        <Dependent type="CustomAPIResponseProperty" displayName="customapiid.uniquename=McpSearch,uniquename=results" id.customapiid.uniquename="McpSearch" id.uniquename="results" />
      </MissingDependency>
    </MissingDependencies>
  </SolutionManifest>
</ImportExportXml>