<customapi uniquename="ivx_GenerateFormYAML">
  <allowedcustomprocessingsteptype>0</allowedcustomprocessingsteptype>
  <bindingtype>0</bindingtype>
  <description default="Generate Form YAML">
    <label description="Generate Form YAML" languagecode="1033" />
  </description>
  <displayname default="Generate Form YAML">
    <label description="Generate Form YAML" languagecode="1033" />
  </displayname>
  <iscustomizable>1</iscustomizable>
  <isfunction>0</isfunction>
  <isprivate>0</isprivate>
  <name>Generate Form YAML</name>
  <plugintypeid>
    <plugintypeexportkey>bc264849-d3dd-4754-9f1d-b6815b2733a8</plugintypeexportkey>
  </plugintypeid>
  <workflowsdkstepenabled>0</workflowsdkstepenabled>
</customapi>