<customapi uniquename="ivx_FetchXML">
  <allowedcustomprocessingsteptype>2</allowedcustomprocessingsteptype>
  <bindingtype>0</bindingtype>
  <description default="Get All Records via FetchXML">
    <label description="Get All Records via FetchXML" languagecode="1033" />
  </description>
  <displayname default="Get All Records">
    <label description="Get All Records" languagecode="1033" />
  </displayname>
  <iscustomizable>1</iscustomizable>
  <isfunction>0</isfunction>
  <isprivate>0</isprivate>
  <name>Get All Records</name>
  <plugintypeid>
    <plugintypeexportkey>8ef4d305-6b1c-4cb2-b8bd-d8cb2e356b1b</plugintypeexportkey>
  </plugintypeid>
  <workflowsdkstepenabled>0</workflowsdkstepenabled>
</customapi>