<ImportExportXml xmlns:xsi="http://www.w3.org/2001/XMLSchema-instance" OrganizationVersion="9.2.25101.159" OrganizationSchemaType="Full" CRMServerServiceabilityVersion="9.2.25101.00159">
  <Entities></Entities>
  <Roles></Roles>
  <Workflows></Workflows>
  <FieldSecurityProfiles></FieldSecurityProfiles>
  <Templates />
  <EntityMaps />
  <EntityRelationships />
  <OrganizationSettings />
  <optionsets />
  <CustomControls />
  <SolutionPluginAssemblies>
    <PluginAssembly FullName="GenerateFormYAML, Version=1.0.0.0, Culture=neutral, PublicKeyToken=bf0f681debad2698" PluginAssemblyId="13d1397f-77a6-4004-805a-24b831c29c93" CustomizationLevel="1">
      <IsolationMode>2</IsolationMode>
      <SourceType>0</SourceType>
      <IntroducedVersion>1.0</IntroducedVersion>
      <FileName>/PluginAssemblies/GenerateFormYAML-13D1397F-77A6-4004-805A-24B831C29C93/GenerateFormYAML.dll</FileName>
      <PluginTypes>
        <PluginType AssemblyQualifiedName="Innovaudax.Dataverse.Plugins.GenerateFormYAML, GenerateFormYAML, Version=1.0.0.0, Culture=neutral, PublicKeyToken=bf0f681debad2698" PluginTypeId="bc264849-d3dd-4754-9f1d-b6815b2733a8" Name="Innovaudax.Dataverse.Plugins.GenerateFormYAML">
          <FriendlyName>3d415243-8e19-4eb5-bc25-cae525a31970</FriendlyName>
        </PluginType>
      </PluginTypes>
    </PluginAssembly>
  </SolutionPluginAssemblies>
  <EntityDataProviders />
  <CanvasApps>
    <CanvasApp>
      <Name>ivx_yamlgenerator_1c20e</Name>
      <AppVersion>2025-11-13T20:07:17Z</AppVersion>
      <Status>Ready</Status>
      <CreatedByClientVersion>3.25103.13.0</CreatedByClientVersion>
      <MinClientVersion>3.25103.13.0</MinClientVersion>
      <Tags>{"primaryDeviceWidth":"1927","primaryDeviceHeight":"1151","supportsPortrait":"true","supportsLandscape":"true","primaryFormFactor":"Tablet","showStatusBar":"false","publisherVersion":"3.25103.13","minimumRequiredApiVersion":"2.2.0","hasComponent":"false","hasUnlockedComponent":"false","isUnifiedRootApp":"false"}</Tags>
      <IsCdsUpgraded>0</IsCdsUpgraded>
      <GalleryItemId xsi:nil="true"></GalleryItemId>
      <BackgroundColor>RGBA(0,176,240,1)</BackgroundColor>
      <DisplayName>YAML Generator</DisplayName>
      <Description xsi:nil="true"></Description>
      <CommitMessage xsi:nil="true"></CommitMessage>
      <Publisher xsi:nil="true"></Publisher>
      <AuthorizationReferences>[]</AuthorizationReferences>
      <ConnectionReferences>{}</ConnectionReferences>
      <DatabaseReferences>{"default.cds":{"databaseDetails":{"referenceType":"Environmental","environmentName":"default.cds","overrideValues":{"status":"NotSpecified","environmentVariableName":""}},"dataSources":{"environment_39a902ba":{"entitySetName":"Environment","logicalName":"environment_39a902ba"}},"components":[{"componentName":"CustomControl","identifier":"sri_srikanth.CopyToClipboard.CopyToClipboard","identifierType":"LogicalName","capabilities":{"pcfExternalServiceUsageAllowed":false}},{"componentName":"CustomControl","identifier":"sri_srikanth.CopyToClipboard.CopyToClipboard","identifierType":"LogicalName","capabilities":{"pcfExternalServiceUsageAllowed":false}}]}}</DatabaseReferences>
      <AppComponents>[]</AppComponents>
      <AppComponentDependencies>[]</AppComponentDependencies>
      <CanConsumeAppPass>1</CanConsumeAppPass>
      <CanvasAppType>0</CanvasAppType>
      <BypassConsent>0</BypassConsent>
      <AdminControlBypassConsent>0</AdminControlBypassConsent>
      <EmbeddedApp xsi:nil="true"></EmbeddedApp>
      <IntroducedVersion>1.0</IntroducedVersion>
      <CdsDependencies>{"cdsdependencies":[{"dependencyid":"","logicalname":"sri_srikanth.CopyToClipboard.CopyToClipboard","componenttype":66,"componenttypeplatformname":"CustomControl"},{"dependencyid":"","logicalname":"sri_srikanth.CopyToClipboard.CopyToClipboard","componenttype":66,"componenttypeplatformname":"CustomControl"}]}</CdsDependencies>
      <IsCustomizable>1</IsCustomizable>
      <BackgroundImageUri>/CanvasApps/ivx_yamlgenerator_1c20e_BackgroundImageUri</BackgroundImageUri>
      <DocumentUri>/CanvasApps/ivx_yamlgenerator_1c20e_DocumentUri.msapp</DocumentUri>
      <AdditionalUris>
        <AdditionalUri>/CanvasApps/ivx_yamlgenerator_1c20e_AdditionalUris0_identity.json</AdditionalUri>
      </AdditionalUris>
    </CanvasApp>
  </CanvasApps>
  <Languages>
    <Language>1033</Language>
  </Languages>
</ImportExportXml>