<customapi uniquename="ivx_BulkDynamicDelete">
  <allowedcustomprocessingsteptype>2</allowedcustomprocessingsteptype>
  <bindingtype>0</bindingtype>
  <description default="Bulk Dynamic Delete">
    <label description="Bulk Dynamic Delete" languagecode="1033" />
  </description>
  <displayname default="Bulk Dynamic Delete">
    <label description="Bulk Dynamic Delete" languagecode="1033" />
  </displayname>
  <iscustomizable>1</iscustomizable>
  <isfunction>0</isfunction>
  <isprivate>0</isprivate>
  <name>Bulk Dynamic Delete</name>
  <plugintypeid>
    <plugintypeexportkey>ad759396-fcd0-480b-aa84-eb4d53e24df4</plugintypeexportkey>
  </plugintypeid>
  <workflowsdkstepenabled>0</workflowsdkstepenabled>
</customapi>