<customapirequestparameter uniquename="relatednameattributename">
  <description default="relatednameattributename">
    <label description="relatednameattributename" languagecode="1033" />
  </description>
  <displayname default="relatednameattributename">
    <label description="relatednameattributename" languagecode="1033" />
  </displayname>
  <iscustomizable>1</iscustomizable>
  <isoptional>1</isoptional>
  <name>relatednameattributename</name>
  <type>10</type>
</customapirequestparameter>