<ImportExportXml xmlns:xsi="http://www.w3.org/2001/XMLSchema-instance" OrganizationVersion="9.2.25095.165" OrganizationSchemaType="Full" CRMServerServiceabilityVersion="9.2.25101.00159">
  <Entities></Entities>
  <Roles></Roles>
  <Workflows></Workflows>
  <FieldSecurityProfiles></FieldSecurityProfiles>
  <Templates />
  <EntityMaps />
  <EntityRelationships />
  <OrganizationSettings />
  <optionsets />
  <CustomControls />
  <SolutionPluginAssemblies>
    <PluginAssembly FullName="Innovaudax.BulkDynamicDelete, Version=1.0.0.0, Culture=neutral, PublicKeyToken=bf0f681debad2698" PluginAssemblyId="c4479ed5-2f8c-4502-ab54-0de5f59b844b" CustomizationLevel="1">
      <IsolationMode>2</IsolationMode>
      <SourceType>0</SourceType>
      <IntroducedVersion>1.0</IntroducedVersion>
      <FileName>/PluginAssemblies/InnovaudaxBulkDynamicDelete-C4479ED5-2F8C-4502-AB54-0DE5F59B844B/InnovaudaxBulkDynamicDelete.dll</FileName>
      <PluginTypes>
        <PluginType AssemblyQualifiedName="Innovaudax.Dataverse.Plugins.BulkDynamicDelete, Innovaudax.BulkDynamicDelete, Version=1.0.0.0, Culture=neutral, PublicKeyToken=bf0f681debad2698" PluginTypeId="ad759396-fcd0-480b-aa84-eb4d53e24df4" Name="Innovaudax.Dataverse.Plugins.BulkDynamicDelete">
          <FriendlyName>c096583d-0f89-4840-8efe-eb0dab0be134</FriendlyName>
        </PluginType>
      </PluginTypes>
    </PluginAssembly>
    <PluginAssembly FullName="Innovaudax.BulkDynamicRetrieve, Version=1.0.0.0, Culture=neutral, PublicKeyToken=bf0f681debad2698" PluginAssemblyId="c30e2989-7809-42fc-a788-453ced4e143b" CustomizationLevel="1">
      <IsolationMode>2</IsolationMode>
      <SourceType>0</SourceType>
      <IntroducedVersion>1.0</IntroducedVersion>
      <FileName>/PluginAssemblies/InnovaudaxBulkDynamicRetrieve-C30E2989-7809-42FC-A788-453CED4E143B/InnovaudaxBulkDynamicRetrieve.dll</FileName>
      <PluginTypes>
        <PluginType AssemblyQualifiedName="Innovaudax.Dataverse.Plugins.BulkDynamicRetriever, Innovaudax.BulkDynamicRetrieve, Version=1.0.0.0, Culture=neutral, PublicKeyToken=bf0f681debad2698" PluginTypeId="d4d4ca47-3d84-431d-af21-80d6d819885e" Name="Innovaudax.Dataverse.Plugins.BulkDynamicRetriever">
          <FriendlyName>d8dfc628-ac4b-408a-9efe-43cec77c04a6</FriendlyName>
        </PluginType>
      </PluginTypes>
    </PluginAssembly>
    <PluginAssembly FullName="Innovaudax.BulkUpsertSmart, Version=1.0.0.0, Culture=neutral, PublicKeyToken=bf0f681debad2698" PluginAssemblyId="430b4731-d2de-48be-9f99-9b780aaeaa1e" CustomizationLevel="1">
      <IsolationMode>2</IsolationMode>
      <SourceType>0</SourceType>
      <IntroducedVersion>1.0</IntroducedVersion>
      <FileName>/PluginAssemblies/InnovaudaxBulkUpsertSmart-430B4731-D2DE-48BE-9F99-9B780AAEAA1E/InnovaudaxBulkUpsertSmart.dll</FileName>
      <PluginTypes>
        <PluginType AssemblyQualifiedName="Innovaudax.Dataverse.Plugins.BulkUpsertSmart, Innovaudax.BulkUpsertSmart, Version=1.0.0.0, Culture=neutral, PublicKeyToken=bf0f681debad2698" PluginTypeId="069ec6be-7b93-4711-bef7-059f36a194ce" Name="Innovaudax.Dataverse.Plugins.BulkUpsertSmart">
          <FriendlyName>814d76ee-411f-4bdd-ba8c-4ddc010228c4</FriendlyName>
        </PluginType>
      </PluginTypes>
    </PluginAssembly>
    <PluginAssembly FullName="Innovaudax.Dataverse.Plugins, Version=1.0.0.0, Culture=neutral, PublicKeyToken=bf0f681debad2698" PluginAssemblyId="2d1b3eac-fbf1-4cd9-93ee-6a5bbc7df859" CustomizationLevel="1">
      <IsolationMode>2</IsolationMode>
      <SourceType>0</SourceType>
      <IntroducedVersion>1.0</IntroducedVersion>
      <FileName>/PluginAssemblies/InnovaudaxDataversePlugins-2D1B3EAC-FBF1-4CD9-93EE-6A5BBC7DF859/InnovaudaxDataversePlugins.dll</FileName>
      <PluginTypes>
        <PluginType AssemblyQualifiedName="Innovaudax.Dataverse.Plugins.BulkDynamicUpdater, Innovaudax.Dataverse.Plugins, Version=1.0.0.0, Culture=neutral, PublicKeyToken=bf0f681debad2698" PluginTypeId="0be81eac-d30f-4af6-8a91-bc2ad8b790cd" Name="Innovaudax.Dataverse.Plugins.BulkDynamicUpdater">
          <FriendlyName>0118b13e-0c9e-4e01-a270-a3c6a750ff68</FriendlyName>
        </PluginType>
      </PluginTypes>
    </PluginAssembly>
    <PluginAssembly FullName="Innovaudax.DeleteMissing, Version=1.0.0.0, Culture=neutral, PublicKeyToken=bf0f681debad2698" PluginAssemblyId="29ceea09-1497-4f4e-bb12-9a29270ae4b2" CustomizationLevel="1">
      <IsolationMode>2</IsolationMode>
      <SourceType>0</SourceType>
      <IntroducedVersion>1.0</IntroducedVersion>
      <FileName>/PluginAssemblies/InnovaudaxDeleteMissing-29CEEA09-1497-4F4E-BB12-9A29270AE4B2/InnovaudaxDeleteMissing.dll</FileName>
      <PluginTypes>
        <PluginType AssemblyQualifiedName="Innovaudax.Dataverse.Plugins.DeleteMissingRecords, Innovaudax.DeleteMissing, Version=1.0.0.0, Culture=neutral, PublicKeyToken=bf0f681debad2698" PluginTypeId="938171d8-5fa2-4119-afb9-c9199098bc57" Name="Innovaudax.Dataverse.Plugins.DeleteMissingRecords">
          <FriendlyName>9a943a17-fb89-4e3c-80ea-05ee72a4dc33</FriendlyName>
        </PluginType>
      </PluginTypes>
    </PluginAssembly>
  </SolutionPluginAssemblies>
  <EntityDataProviders />
  <Languages>
    <Language>1033</Language>
  </Languages>
</ImportExportXml>