<customapi uniquename="ivx_GetHolidays">
  <allowedcustomprocessingsteptype>0</allowedcustomprocessingsteptype>
  <bindingtype>0</bindingtype>
  <description default="Get Holidays">
    <label description="Get Holidays" languagecode="1033" />
  </description>
  <displayname default="Get Holidays">
    <label description="Get Holidays" languagecode="1033" />
  </displayname>
  <iscustomizable>1</iscustomizable>
  <isfunction>0</isfunction>
  <isprivate>0</isprivate>
  <name>Get Holidays</name>
  <plugintypeid>
    <plugintypeexportkey>cf7892a6-ad8a-4cb3-bc7b-976f7a6f9099</plugintypeexportkey>
  </plugintypeid>
  <workflowsdkstepenabled>0</workflowsdkstepenabled>
</customapi>