<customapi uniquename="ivx_GetRecords">
  <allowedcustomprocessingsteptype>2</allowedcustomprocessingsteptype>
  <bindingtype>0</bindingtype>
  <description default="Bulk Dynamic Retrieve">
    <label description="Bulk Dynamic Retrieve" languagecode="1033" />
  </description>
  <displayname default="Bulk Dynamic Retrieve">
    <label description="Bulk Dynamic Retrieve" languagecode="1033" />
  </displayname>
  <iscustomizable>1</iscustomizable>
  <isfunction>0</isfunction>
  <isprivate>0</isprivate>
  <name>Bulk Dynamic Retrieve</name>
  <plugintypeid>
    <plugintypeexportkey>d4d4ca47-3d84-431d-af21-80d6d819885e</plugintypeexportkey>
  </plugintypeid>
  <workflowsdkstepenabled>0</workflowsdkstepenabled>
</customapi>