<ImportExportXml xmlns:xsi="http://www.w3.org/2001/XMLSchema-instance" OrganizationVersion="9.2.25104.169" OrganizationSchemaType="Full" CRMServerServiceabilityVersion="9.2.25104.00169">
  <Entities></Entities>
  <Roles></Roles>
  <Workflows></Workflows>
  <FieldSecurityProfiles></FieldSecurityProfiles>
  <Templates />
  <EntityMaps />
  <EntityRelationships />
  <OrganizationSettings />
  <optionsets />
  <CustomControls />
  <SolutionPluginAssemblies>
    <PluginAssembly FullName="GenerateFormYAML, Version=1.0.0.0, Culture=neutral, PublicKeyToken=bf0f681debad2698" PluginAssemblyId="13d1397f-77a6-4004-805a-24b831c29c93" CustomizationLevel="1">
      <IsolationMode>2</IsolationMode>
      <SourceType>0</SourceType>
      <IntroducedVersion>1.0</IntroducedVersion>
      <FileName>/PluginAssemblies/GenerateFormYAML-13D1397F-77A6-4004-805A-24B831C29C93/GenerateFormYAML.dll</FileName>
      <PluginTypes>
        <PluginType AssemblyQualifiedName="Innovaudax.Dataverse.Plugins.GenerateFormYAML, GenerateFormYAML, Version=1.0.0.0, Culture=neutral, PublicKeyToken=bf0f681debad2698" PluginTypeId="bc264849-d3dd-4754-9f1d-b6815b2733a8" Name="Innovaudax.Dataverse.Plugins.GenerateFormYAML">
          <FriendlyName>3d415243-8e19-4eb5-bc25-cae525a31970</FriendlyName>
        </PluginType>
      </PluginTypes>
    </PluginAssembly>
    <PluginAssembly FullName="Innovaudax.BulkDynamicDelete, Version=1.0.0.0, Culture=neutral, PublicKeyToken=bf0f681debad2698" PluginAssemblyId="c4479ed5-2f8c-4502-ab54-0de5f59b844b" CustomizationLevel="1">
      <IsolationMode>2</IsolationMode>
      <SourceType>0</SourceType>
      <IntroducedVersion>1.0</IntroducedVersion>
      <FileName>/PluginAssemblies/InnovaudaxBulkDynamicDelete-C4479ED5-2F8C-4502-AB54-0DE5F59B844B/InnovaudaxBulkDynamicDelete.dll</FileName>
      <PluginTypes>
        <PluginType AssemblyQualifiedName="Innovaudax.Dataverse.Plugins.BulkDynamicDelete, Innovaudax.BulkDynamicDelete, Version=1.0.0.0, Culture=neutral, PublicKeyToken=bf0f681debad2698" PluginTypeId="ad759396-fcd0-480b-aa84-eb4d53e24df4" Name="Innovaudax.Dataverse.Plugins.BulkDynamicDelete">
          <FriendlyName>c096583d-0f89-4840-8efe-eb0dab0be134</FriendlyName>
        </PluginType>
      </PluginTypes>
    </PluginAssembly>
    <PluginAssembly FullName="Innovaudax.BulkDynamicRetrieve, Version=1.0.0.0, Culture=neutral, PublicKeyToken=bf0f681debad2698" PluginAssemblyId="c30e2989-7809-42fc-a788-453ced4e143b" CustomizationLevel="1">
      <IsolationMode>2</IsolationMode>
      <SourceType>0</SourceType>
      <IntroducedVersion>1.0</IntroducedVersion>
      <FileName>/PluginAssemblies/InnovaudaxBulkDynamicRetrieve-C30E2989-7809-42FC-A788-453CED4E143B/InnovaudaxBulkDynamicRetrieve.dll</FileName>
      <PluginTypes>
        <PluginType AssemblyQualifiedName="Innovaudax.Dataverse.Plugins.BulkDynamicRetriever, Innovaudax.BulkDynamicRetrieve, Version=1.0.0.0, Culture=neutral, PublicKeyToken=bf0f681debad2698" PluginTypeId="d4d4ca47-3d84-431d-af21-80d6d819885e" Name="Innovaudax.Dataverse.Plugins.BulkDynamicRetriever">
          <FriendlyName>d8dfc628-ac4b-408a-9efe-43cec77c04a6</FriendlyName>
        </PluginType>
      </PluginTypes>
    </PluginAssembly>
    <PluginAssembly FullName="Innovaudax.BulkDynamicUpdateConcurrent, Version=1.0.0.0, Culture=neutral, PublicKeyToken=d457c87f6d9cbea2" PluginAssemblyId="0e277ea6-6261-451e-b8e1-30792e1a3d64" CustomizationLevel="1">
      <IsolationMode>2</IsolationMode>
      <SourceType>0</SourceType>
      <IntroducedVersion>1.0</IntroducedVersion>
      <FileName>/PluginAssemblies/InnovaudaxBulkDynamicUpdateConcurrent-0E277EA6-6261-451E-B8E1-30792E1A3D64/InnovaudaxBulkDynamicUpdateConcurrent.dll</FileName>
      <PluginTypes>
        <PluginType AssemblyQualifiedName="Innovaudax.Dataverse.Plugins.ivx_BulkDynamicUpdateConcurrent, Innovaudax.BulkDynamicUpdateConcurrent, Version=1.0.0.0, Culture=neutral, PublicKeyToken=d457c87f6d9cbea2" PluginTypeId="1127c6bb-2a9f-48e9-9999-3615490b0592" Name="Innovaudax.Dataverse.Plugins.ivx_BulkDynamicUpdateConcurrent">
          <FriendlyName>b1452160-2a57-42c1-8d61-357c8c1f3ff1</FriendlyName>
        </PluginType>
      </PluginTypes>
    </PluginAssembly>
    <PluginAssembly FullName="Innovaudax.BulkUpsertSmart, Version=1.0.0.0, Culture=neutral, PublicKeyToken=bf0f681debad2698" PluginAssemblyId="430b4731-d2de-48be-9f99-9b780aaeaa1e" CustomizationLevel="1">
      <IsolationMode>2</IsolationMode>
      <SourceType>0</SourceType>
      <IntroducedVersion>1.0</IntroducedVersion>
      <FileName>/PluginAssemblies/InnovaudaxBulkUpsertSmart-430B4731-D2DE-48BE-9F99-9B780AAEAA1E/InnovaudaxBulkUpsertSmart.dll</FileName>
      <PluginTypes>
        <PluginType AssemblyQualifiedName="Innovaudax.Dataverse.Plugins.BulkUpsertSmart, Innovaudax.BulkUpsertSmart, Version=1.0.0.0, Culture=neutral, PublicKeyToken=bf0f681debad2698" PluginTypeId="069ec6be-7b93-4711-bef7-059f36a194ce" Name="Innovaudax.Dataverse.Plugins.BulkUpsertSmart">
          <FriendlyName>814d76ee-411f-4bdd-ba8c-4ddc010228c4</FriendlyName>
        </PluginType>
      </PluginTypes>
    </PluginAssembly>
    <PluginAssembly FullName="Innovaudax.Dataverse.Plugins, Version=1.0.0.0, Culture=neutral, PublicKeyToken=bf0f681debad2698" PluginAssemblyId="2d1b3eac-fbf1-4cd9-93ee-6a5bbc7df859" CustomizationLevel="1">
      <IsolationMode>2</IsolationMode>
      <SourceType>0</SourceType>
      <IntroducedVersion>1.0</IntroducedVersion>
      <FileName>/PluginAssemblies/InnovaudaxDataversePlugins-2D1B3EAC-FBF1-4CD9-93EE-6A5BBC7DF859/InnovaudaxDataversePlugins.dll</FileName>
      <PluginTypes>
        <PluginType AssemblyQualifiedName="Innovaudax.Dataverse.Plugins.BulkDynamicUpdater, Innovaudax.Dataverse.Plugins, Version=1.0.0.0, Culture=neutral, PublicKeyToken=bf0f681debad2698" PluginTypeId="0be81eac-d30f-4af6-8a91-bc2ad8b790cd" Name="Innovaudax.Dataverse.Plugins.BulkDynamicUpdater">
          <FriendlyName>0118b13e-0c9e-4e01-a270-a3c6a750ff68</FriendlyName>
        </PluginType>
      </PluginTypes>
    </PluginAssembly>
    <PluginAssembly FullName="Innovaudax.Dataverse.Plugins, Version=1.0.0.0, Culture=neutral, PublicKeyToken=d457c87f6d9cbea2" PluginAssemblyId="82bea048-191d-41ee-88cc-3a01db3e9e55" CustomizationLevel="1">
      <IsolationMode>2</IsolationMode>
      <SourceType>0</SourceType>
      <IntroducedVersion>1.0</IntroducedVersion>
      <FileName>/PluginAssemblies/InnovaudaxDataversePlugins-82BEA048-191D-41EE-88CC-3A01DB3E9E55/InnovaudaxDataversePlugins.dll</FileName>
      <PluginTypes>
        <PluginType AssemblyQualifiedName="Innovaudax.Dataverse.Plugins.GenerateForAllMapping, Innovaudax.Dataverse.Plugins, Version=1.0.0.0, Culture=neutral, PublicKeyToken=d457c87f6d9cbea2" PluginTypeId="619af67d-2bdf-43a1-964c-a44d091614f9" Name="Innovaudax.Dataverse.Plugins.GenerateForAllMapping">
          <FriendlyName>5a080507-a408-4ca8-8c82-d3a9a0b2acbc</FriendlyName>
        </PluginType>
      </PluginTypes>
    </PluginAssembly>
    <PluginAssembly FullName="Innovaudax.DeleteMissing, Version=1.0.0.0, Culture=neutral, PublicKeyToken=bf0f681debad2698" PluginAssemblyId="29ceea09-1497-4f4e-bb12-9a29270ae4b2" CustomizationLevel="1">
      <IsolationMode>2</IsolationMode>
      <SourceType>0</SourceType>
      <IntroducedVersion>1.0</IntroducedVersion>
      <FileName>/PluginAssemblies/InnovaudaxDeleteMissing-29CEEA09-1497-4F4E-BB12-9A29270AE4B2/InnovaudaxDeleteMissing.dll</FileName>
      <PluginTypes>
        <PluginType AssemblyQualifiedName="Innovaudax.Dataverse.Plugins.DeleteMissingRecords, Innovaudax.DeleteMissing, Version=1.0.0.0, Culture=neutral, PublicKeyToken=bf0f681debad2698" PluginTypeId="938171d8-5fa2-4119-afb9-c9199098bc57" Name="Innovaudax.Dataverse.Plugins.DeleteMissingRecords">
          <FriendlyName>9a943a17-fb89-4e3c-80ea-05ee72a4dc33</FriendlyName>
        </PluginType>
      </PluginTypes>
    </PluginAssembly>
    <PluginAssembly FullName="Innovaudax.FetchXML, Version=1.0.0.0, Culture=neutral, PublicKeyToken=d457c87f6d9cbea2" PluginAssemblyId="f4b693e1-70ec-4f20-9390-a2ce9b37e065" CustomizationLevel="1">
      <IsolationMode>2</IsolationMode>
      <SourceType>0</SourceType>
      <IntroducedVersion>1.0</IntroducedVersion>
      <FileName>/PluginAssemblies/InnovaudaxFetchXML-F4B693E1-70EC-4F20-9390-A2CE9B37E065/InnovaudaxFetchXML.dll</FileName>
      <PluginTypes>
        <PluginType AssemblyQualifiedName="Innovaudax.Dataverse.Plugins.ivx_FetchXML, Innovaudax.FetchXML, Version=1.0.0.0, Culture=neutral, PublicKeyToken=d457c87f6d9cbea2" PluginTypeId="8ef4d305-6b1c-4cb2-b8bd-d8cb2e356b1b" Name="Innovaudax.Dataverse.Plugins.ivx_FetchXML">
          <FriendlyName>701d1277-dd09-4b15-bb59-c343c9618505</FriendlyName>
        </PluginType>
      </PluginTypes>
    </PluginAssembly>
    <PluginAssembly FullName="Innovaudax.FetchXmlToFormula, Version=1.0.0.0, Culture=neutral, PublicKeyToken=d457c87f6d9cbea2" PluginAssemblyId="ffe71b37-c37c-4736-b413-8f03f856a0f0" CustomizationLevel="1">
      <IsolationMode>2</IsolationMode>
      <SourceType>0</SourceType>
      <IntroducedVersion>1.0</IntroducedVersion>
      <FileName>/PluginAssemblies/InnovaudaxFetchXmlToFormula-FFE71B37-C37C-4736-B413-8F03F856A0F0/InnovaudaxFetchXmlToFormula.dll</FileName>
      <PluginTypes>
        <PluginType AssemblyQualifiedName="Innovaudax.Dataverse.Plugins.ivx_FetchXmlToFormula, Innovaudax.FetchXmlToFormula, Version=1.0.0.0, Culture=neutral, PublicKeyToken=d457c87f6d9cbea2" PluginTypeId="10aae233-a772-4092-a9d3-ebea8078a36c" Name="Innovaudax.Dataverse.Plugins.ivx_FetchXmlToFormula">
          <FriendlyName>d1f7e45e-050d-492b-b540-cff74f459786</FriendlyName>
        </PluginType>
      </PluginTypes>
    </PluginAssembly>
    <PluginAssembly FullName="Innovaudax.GetHolidays, Version=1.0.0.0, Culture=neutral, PublicKeyToken=d457c87f6d9cbea2" PluginAssemblyId="488a9f5d-7009-4a3e-9b47-94c70b9fe657" CustomizationLevel="1">
      <IsolationMode>2</IsolationMode>
      <SourceType>0</SourceType>
      <IntroducedVersion>1.0</IntroducedVersion>
      <FileName>/PluginAssemblies/InnovaudaxGetHolidays-488A9F5D-7009-4A3E-9B47-94C70B9FE657/InnovaudaxGetHolidays.dll</FileName>
      <PluginTypes>
        <PluginType AssemblyQualifiedName="Innovaudax.Dataverse.Plugins.ivx_GetHolidays, Innovaudax.GetHolidays, Version=1.0.0.0, Culture=neutral, PublicKeyToken=d457c87f6d9cbea2" PluginTypeId="cf7892a6-ad8a-4cb3-bc7b-976f7a6f9099" Name="Innovaudax.Dataverse.Plugins.ivx_GetHolidays">
          <FriendlyName>e69fd789-3003-402a-8fbe-a171a2bdbd95</FriendlyName>
        </PluginType>
      </PluginTypes>
    </PluginAssembly>
    <PluginAssembly FullName="Innovaudax.ParseDynamic, Version=1.0.0.0, Culture=neutral, PublicKeyToken=d457c87f6d9cbea2" PluginAssemblyId="bc3c7fd9-f194-4c03-9a6f-9cce87b88fdb" CustomizationLevel="1">
      <IsolationMode>2</IsolationMode>
      <SourceType>0</SourceType>
      <IntroducedVersion>1.0</IntroducedVersion>
      <FileName>/PluginAssemblies/InnovaudaxParseDynamic-BC3C7FD9-F194-4C03-9A6F-9CCE87B88FDB/InnovaudaxParseDynamic.dll</FileName>
      <PluginTypes>
        <PluginType AssemblyQualifiedName="Innovaudax.Dataverse.Plugins.ivx_ParseDynamic, Innovaudax.ParseDynamic, Version=1.0.0.0, Culture=neutral, PublicKeyToken=d457c87f6d9cbea2" PluginTypeId="f41708af-759e-409a-ab0b-7359f5ae6c9f" Name="Innovaudax.Dataverse.Plugins.ivx_ParseDynamic">
          <FriendlyName>b992be0e-9d58-41f7-9d7f-fc33c5292baf</FriendlyName>
        </PluginType>
      </PluginTypes>
    </PluginAssembly>
  </SolutionPluginAssemblies>
  <EntityDataProviders />
  <Languages>
    <Language>1033</Language>
  </Languages>
</ImportExportXml>