<customapi uniquename="ivx_BulkDynamicUpdateConcurrent">
  <allowedcustomprocessingsteptype>2</allowedcustomprocessingsteptype>
  <bindingtype>0</bindingtype>
  <description default="Bulk Dynamic Concurrent Updater">
    <label description="Bulk Dynamic Concurrent Updater" languagecode="1033" />
  </description>
  <displayname default="Bulk Dynamic Concurrent Updater">
    <label description="Bulk Dynamic Concurrent Updater" languagecode="1033" />
  </displayname>
  <iscustomizable>1</iscustomizable>
  <isfunction>0</isfunction>
  <isprivate>0</isprivate>
  <name>Bulk Dynamic Concurrent Updater</name>
  <plugintypeid>
    <plugintypeexportkey>1127c6bb-2a9f-48e9-9999-3615490b0592</plugintypeexportkey>
  </plugintypeid>
  <workflowsdkstepenabled>0</workflowsdkstepenabled>
</customapi>