<ImportExportXml xmlns:xsi="http://www.w3.org/2001/XMLSchema-instance" OrganizationVersion="9.2.25101.159" OrganizationSchemaType="Full" CRMServerServiceabilityVersion="9.2.25102.00172">
  <Entities></Entities>
  <Roles></Roles>
  <Workflows></Workflows>
  <FieldSecurityProfiles></FieldSecurityProfiles>
  <Templates />
  <EntityMaps />
  <EntityRelationships />
  <OrganizationSettings />
  <optionsets />
  <CustomControls />
  <SolutionPluginAssemblies>
    <PluginAssembly FullName="Innovaudax.GetHolidays, Version=1.0.0.0, Culture=neutral, PublicKeyToken=d457c87f6d9cbea2" PluginAssemblyId="488a9f5d-7009-4a3e-9b47-94c70b9fe657" CustomizationLevel="1">
      <IsolationMode>2</IsolationMode>
      <SourceType>0</SourceType>
      <IntroducedVersion>1.0</IntroducedVersion>
      <FileName>/PluginAssemblies/InnovaudaxGetHolidays-488A9F5D-7009-4A3E-9B47-94C70B9FE657/InnovaudaxGetHolidays.dll</FileName>
      <PluginTypes>
        <PluginType AssemblyQualifiedName="Innovaudax.Dataverse.Plugins.ivx_GetHolidays, Innovaudax.GetHolidays, Version=1.0.0.0, Culture=neutral, PublicKeyToken=d457c87f6d9cbea2" PluginTypeId="cf7892a6-ad8a-4cb3-bc7b-976f7a6f9099" Name="Innovaudax.Dataverse.Plugins.ivx_GetHolidays">
          <FriendlyName>e69fd789-3003-402a-8fbe-a171a2bdbd95</FriendlyName>
        </PluginType>
      </PluginTypes>
    </PluginAssembly>
  </SolutionPluginAssemblies>
  <EntityDataProviders />
  <Languages>
    <Language>1033</Language>
  </Languages>
</ImportExportXml>