<customapi uniquename="ivx_FetchXmlToFormula">
  <allowedcustomprocessingsteptype>2</allowedcustomprocessingsteptype>
  <bindingtype>0</bindingtype>
  <description default="Generate FetchXML Formula">
    <label description="Generate FetchXML Formula" languagecode="1033" />
  </description>
  <displayname default="Generate FetchXML Formula">
    <label description="Generate FetchXML Formula" languagecode="1033" />
  </displayname>
  <iscustomizable>1</iscustomizable>
  <isfunction>0</isfunction>
  <isprivate>0</isprivate>
  <name>Generate FetchXML Formula</name>
  <plugintypeid>
    <plugintypeexportkey>10aae233-a772-4092-a9d3-ebea8078a36c</plugintypeexportkey>
  </plugintypeid>
  <workflowsdkstepenabled>0</workflowsdkstepenabled>
</customapi>