<customapi uniquename="ivx_ParseDynamic">
  <allowedcustomprocessingsteptype>2</allowedcustomprocessingsteptype>
  <bindingtype>0</bindingtype>
  <description default="Dynamic ParseJSON">
    <label description="Dynamic ParseJSON" languagecode="1033" />
  </description>
  <displayname default="Dynamic ParseJSON">
    <label description="Dynamic ParseJSON" languagecode="1033" />
  </displayname>
  <iscustomizable>1</iscustomizable>
  <isfunction>0</isfunction>
  <isprivate>0</isprivate>
  <name>Dynamic ParseJSON</name>
  <plugintypeid>
    <plugintypeexportkey>f41708af-759e-409a-ab0b-7359f5ae6c9f</plugintypeexportkey>
  </plugintypeid>
  <workflowsdkstepenabled>0</workflowsdkstepenabled>
</customapi>