<customapi uniquename="ivx_BulkRelate">
  <allowedcustomprocessingsteptype>2</allowedcustomprocessingsteptype>
  <bindingtype>0</bindingtype>
  <description default="Bulk Relate">
    <label description="Bulk Relate" languagecode="1033" />
  </description>
  <displayname default="Bulk Relate">
    <label description="Bulk Relate" languagecode="1033" />
  </displayname>
  <iscustomizable>1</iscustomizable>
  <isfunction>0</isfunction>
  <isprivate>0</isprivate>
  <name>Bulk Relate</name>
  <plugintypeid>
    <plugintypeexportkey>423c7c7e-52ac-4cf9-8222-895af38e1c07</plugintypeexportkey>
  </plugintypeid>
  <workflowsdkstepenabled>0</workflowsdkstepenabled>
</customapi>