<manifest><control namespace="srikanth.CopyToClipboard" constructor="CopyToClipboard" version="0.0.3" display-name-key="CopyToClipboard" description-key="CopyToClipboard description" control-type="standard" api-version="1.3.1"><external-service-usage enabled="false" /><property name="Content" display-name-key="Content" description-key="Content to copy to clipboard" of-type="SingleLine.Text" usage="input" required="false" /><property name="CustomTooltip" display-name-key="Tooltip" description-key="Customize the tooltip message" of-type="SingleLine.Text" usage="input" required="false" /><resources><code path="bundle.js" order="1" /></resources><built-by name="pac" version="1.7.2" /></control></manifest>