<customapi uniquename="ivx_BulkDynamicUpdate">
  <allowedcustomprocessingsteptype>2</allowedcustomprocessingsteptype>
  <bindingtype>0</bindingtype>
  <description default="Bulk Dynamic Update">
    <label description="Bulk Dynamic Update" languagecode="1033" />
  </description>
  <displayname default="Bulk Dynamic Update">
    <label description="Bulk Dynamic Update" languagecode="1033" />
  </displayname>
  <iscustomizable>1</iscustomizable>
  <isfunction>0</isfunction>
  <isprivate>0</isprivate>
  <name>Bulk Dynamic Update</name>
  <plugintypeid>
    <plugintypeexportkey>0be81eac-d30f-4af6-8a91-bc2ad8b790cd</plugintypeexportkey>
  </plugintypeid>
  <workflowsdkstepenabled>0</workflowsdkstepenabled>
</customapi>