<customapi uniquename="ivx_DeleteMissing">
  <allowedcustomprocessingsteptype>2</allowedcustomprocessingsteptype>
  <bindingtype>0</bindingtype>
  <description default="Bulk Delete Missing">
    <label description="Bulk Delete Missing" languagecode="1033" />
  </description>
  <displayname default="Bulk Delete Missing">
    <label description="Bulk Delete Missing" languagecode="1033" />
  </displayname>
  <iscustomizable>1</iscustomizable>
  <isfunction>0</isfunction>
  <isprivate>0</isprivate>
  <name>Bulk Delete Missing</name>
  <plugintypeid>
    <plugintypeexportkey>938171d8-5fa2-4119-afb9-c9199098bc57</plugintypeexportkey>
  </plugintypeid>
  <workflowsdkstepenabled>0</workflowsdkstepenabled>
</customapi>