<customapi uniquename="ivx_BulkUpsertSmart">
  <allowedcustomprocessingsteptype>2</allowedcustomprocessingsteptype>
  <bindingtype>0</bindingtype>
  <description default="Bulk Upsert Smart">
    <label description="Bulk Upsert Smart" languagecode="1033" />
  </description>
  <displayname default="Bulk Upsert Smart">
    <label description="Bulk Upsert Smart" languagecode="1033" />
  </displayname>
  <iscustomizable>1</iscustomizable>
  <isfunction>0</isfunction>
  <isprivate>0</isprivate>
  <name>Bulk Upsert Smart</name>
  <plugintypeid>
    <plugintypeexportkey>069ec6be-7b93-4711-bef7-059f36a194ce</plugintypeexportkey>
  </plugintypeid>
  <workflowsdkstepenabled>0</workflowsdkstepenabled>
</customapi>